
INSERT INTO ControlEmpresa.Tienda (nombre, direccion, telefono) VALUES ('Sucursal Central', '4ta Calle 24-17 Guatemala', '55447799');
INSERT INTO ControlEmpresa.Tienda (nombre, direccion, telefono) VALUES ('Sucursal Norte', '5ta Avenida Peten', '14759854');
INSERT INTO ControlEmpresa.Tienda (nombre, direccion, telefono) VALUES ('Sucursal Sur', '7ma Calle Escuintla', '65657514');
INSERT INTO ControlEmpresa.Tienda (nombre, direccion, telefono) VALUES ('Bodega', '5ta Calle 14-78 Guatemala', '14294246');

-- Productos Sucursal Central

INSERT INTO ControlEmpresa.Producto (nombre, fabricante, codigo, precio, cantidad, id_tienda) VALUES ('Disco Duro 1TB', 'Seagate', 'SSD-001', 900, 10, 1); 
INSERT INTO ControlEmpresa.Producto (nombre, fabricante, codigo, precio, cantidad, id_tienda) VALUES ('Disco Duro', 'Kinston', 'SSD-002', 800, 6, 1); 
INSERT INTO ControlEmpresa.Producto (nombre, fabricante, codigo, precio, cantidad, id_tienda) VALUES ('Disco Duro One Touch 1TB', 'Seagate', 'SSD-003', 552, 14, 1); 
INSERT INTO ControlEmpresa.Producto (nombre, fabricante, codigo, precio, cantidad, id_tienda) VALUES ('Disco Duro 2TB', 'Seagate', 'SSD-004', 1300, 10, 1); 
INSERT INTO ControlEmpresa.Producto (nombre, fabricante, codigo, precio, cantidad, id_tienda) VALUES ('Disco Duro 1TB', 'Lacie', 'SSD-005', 750, 2, 1); 
INSERT INTO ControlEmpresa.Producto (nombre, fabricante, codigo, precio, cantidad, id_tienda) VALUES ('Disco Duro 1TB', 'WD', 'SSD-006', 880, 20, 1); 
INSERT INTO ControlEmpresa.Producto (nombre, fabricante, codigo, precio, cantidad, id_tienda) VALUES ('Celular Xiaomi Redmi A1', 'Xiaomi', 'CEL-007', 750, 5, 1); 
INSERT INTO ControlEmpresa.Producto (nombre, fabricante, codigo, precio, cantidad, id_tienda) VALUES ('Celular Xiaomi Redmi 10', 'Xiaomi', 'CEL-008', 1600, 7, 1); 
INSERT INTO ControlEmpresa.Producto (nombre, fabricante, codigo, precio, cantidad, id_tienda) VALUES ('Celular Xiaomi Redmi Note 11', 'Xiaomi', 'CEL-009', 1700, 13, 1); 
INSERT INTO ControlEmpresa.Producto (nombre, fabricante, codigo, precio, cantidad, id_tienda) VALUES ('Celular Samsung A22', 'Samsung', 'CEL-010', 1700, 9, 1); 
INSERT INTO ControlEmpresa.Producto (nombre, fabricante, codigo, precio, cantidad, id_tienda) VALUES ('Celular Xiaomi Note 11', 'Xiaomi', 'CEL-011', 1600, 5, 1); 
INSERT INTO ControlEmpresa.Producto (nombre, fabricante, codigo, precio, cantidad, id_tienda) VALUES ('Celular Xiaomi Redmi Note 11S', 'Xiaomi', 'CEL-012', 1800, 10, 1); 
INSERT INTO ControlEmpresa.Producto (nombre, fabricante, codigo, precio, cantidad, id_tienda) VALUES ('Celular Samsung A23', 'Samsung', 'CEL-013', 1900, 15, 1); 
INSERT INTO ControlEmpresa.Producto (nombre, fabricante, codigo, precio, cantidad, id_tienda) VALUES ('Celular Xiaomi Poco X5', 'Xiaomi', 'CEL-014', 2100, 6, 1); 
INSERT INTO ControlEmpresa.Producto (nombre, fabricante, codigo, precio, cantidad, id_tienda) VALUES ('Celular Xiaomi Redmi Note 11 Pro', 'Xiaomi', 'CEL-015', 2300, 10, 1); 
INSERT INTO ControlEmpresa.Producto (nombre, fabricante, codigo, precio, cantidad, id_tienda) VALUES ('Celular Samsung A33', 'Samsung', 'CEL-016', 2800, 5, 1); 
INSERT INTO ControlEmpresa.Producto (nombre, fabricante, codigo, precio, cantidad, id_tienda) VALUES ('Celular Xiaomi MI11 Lite', 'Xiaomi', 'CEL-017', 2800, 20, 1); 
INSERT INTO ControlEmpresa.Producto (nombre, fabricante, codigo, precio, cantidad, id_tienda) VALUES ('Celular Samsung A53', 'Samsung', 'CEL-018', 3200, 10, 1); 
INSERT INTO ControlEmpresa.Producto (nombre, fabricante, codigo, precio, cantidad, id_tienda) VALUES ('Celular Xiaomi Note 10 Pro', 'Xiaomi', 'CEL-019', 3100, 12, 1); 
INSERT INTO ControlEmpresa.Producto (nombre, fabricante, codigo, precio, cantidad, id_tienda) VALUES ('Laptop Dell Latitude 3120', 'Dell', 'LAP-020', 2400, 5, 1); 
INSERT INTO ControlEmpresa.Producto (nombre, fabricante, codigo, precio, cantidad, id_tienda) VALUES ('Laptop Dell Latitude 5420', 'Dell', 'LAP-021', 13000, 10, 1); 
INSERT INTO ControlEmpresa.Producto (nombre, fabricante, codigo, precio, cantidad, id_tienda) VALUES ('Laptop Dynabook Tecra A30-G', 'Dynabook', 'LAP-022', 2000, 7, 1); 
INSERT INTO ControlEmpresa.Producto (nombre, fabricante, codigo, precio, cantidad, id_tienda) VALUES ('Laptop HP Probook 430 G8', 'HP', 'LAP-023', 9400, 8, 1); 
INSERT INTO ControlEmpresa.Producto (nombre, fabricante, codigo, precio, cantidad, id_tienda) VALUES ('Laptop MSI Summit E13', 'MSI', 'LAP-024', 15000, 3, 1); 
INSERT INTO ControlEmpresa.Producto (nombre, fabricante, codigo, precio, cantidad, id_tienda) VALUES ('Laptop Dell Vostro 3400', 'Dell', 'LAP-025', 3400, 9, 1); 
INSERT INTO ControlEmpresa.Producto (nombre, fabricante, codigo, precio, cantidad, id_tienda) VALUES ('Laptop Dell Vostro 3405', 'Dell', 'LAP-026', 4000, 13, 1); 
INSERT INTO ControlEmpresa.Producto (nombre, fabricante, codigo, precio, cantidad, id_tienda) VALUES ('Laptop Dynaboook Satellite C40-J', 'Dynabook', 'LAP-027', 4200, 20, 1); 
INSERT INTO ControlEmpresa.Producto (nombre, fabricante, codigo, precio, cantidad, id_tienda) VALUES ('Laptop Lenovo E41-55', 'Lenovo', 'LAP-028', 5000, 7, 1); 
INSERT INTO ControlEmpresa.Producto (nombre, fabricante, codigo, precio, cantidad, id_tienda) VALUES ('Laptop HP Pavilion X360', 'HP', 'LAP-029', 6270, 14, 1); 
INSERT INTO ControlEmpresa.Producto (nombre, fabricante, codigo, precio, cantidad, id_tienda) VALUES ('Laptop Dell Inspiron 5410', 'Dell', 'LAP-030', 7300, 5, 1); 

-- Sucursal Norte

INSERT INTO ControlEmpresa.Producto (nombre, fabricante, codigo, precio, cantidad, id_tienda) VALUES ('Disco Duro', 'Kinston', 'SSD-002', 800, 2, 2); 
INSERT INTO ControlEmpresa.Producto (nombre, fabricante, codigo, precio, cantidad, id_tienda) VALUES ('Disco Duro One Touch 1TB', 'Seagate', 'SSD-003', 552, 10, 2); 
INSERT INTO ControlEmpresa.Producto (nombre, fabricante, codigo, precio, cantidad, id_tienda) VALUES ('Disco Duro 2TB', 'Seagate', 'SSD-004', 1300, 7, 2); 
INSERT INTO ControlEmpresa.Producto (nombre, fabricante, codigo, precio, cantidad, id_tienda) VALUES ('Disco Duro 1TB', 'WD', 'SSD-006', 880, 12, 2); 
INSERT INTO ControlEmpresa.Producto (nombre, fabricante, codigo, precio, cantidad, id_tienda) VALUES ('Celular Xiaomi Redmi A1', 'Xiaomi', 'CEL-007', 750, 1, 2); 
INSERT INTO ControlEmpresa.Producto (nombre, fabricante, codigo, precio, cantidad, id_tienda) VALUES ('Celular Samsung A22', 'Samsung', 'CEL-010', 1700, 18, 2); 
INSERT INTO ControlEmpresa.Producto (nombre, fabricante, codigo, precio, cantidad, id_tienda) VALUES ('Celular Xiaomi Note 11', 'Xiaomi', 'CEL-011', 1600, 6, 2); 
INSERT INTO ControlEmpresa.Producto (nombre, fabricante, codigo, precio, cantidad, id_tienda) VALUES ('Celular Xiaomi Redmi Note 11S', 'Xiaomi', 'CEL-012', 1800, 12, 2); 
INSERT INTO ControlEmpresa.Producto (nombre, fabricante, codigo, precio, cantidad, id_tienda) VALUES ('Celular Samsung A23', 'Samsung', 'CEL-013', 1900, 15, 2); 
INSERT INTO ControlEmpresa.Producto (nombre, fabricante, codigo, precio, cantidad, id_tienda) VALUES ('Laptop Dell Latitude 5420', 'Dell', 'LAP-021', 13000, 10, 2); 
INSERT INTO ControlEmpresa.Producto (nombre, fabricante, codigo, precio, cantidad, id_tienda) VALUES ('Laptop Dynabook Tecra A30-G', 'Dynabook', 'LAP-022', 2000, 12, 2); 
INSERT INTO ControlEmpresa.Producto (nombre, fabricante, codigo, precio, cantidad, id_tienda) VALUES ('Laptop Dynaboook Satellite C40-J', 'Dynabook', 'LAP-027', 4200, 6, 2); 
INSERT INTO ControlEmpresa.Producto (nombre, fabricante, codigo, precio, cantidad, id_tienda) VALUES ('Laptop Lenovo E41-55', 'Lenovo', 'LAP-028', 5000, 14, 2); 
INSERT INTO ControlEmpresa.Producto (nombre, fabricante, codigo, precio, cantidad, id_tienda) VALUES ('Laptop HP Pavilion X360', 'HP', 'LAP-029', 6270, 3, 2); 
INSERT INTO ControlEmpresa.Producto (nombre, fabricante, codigo, precio, cantidad, id_tienda) VALUES ('Laptop Dell Inspiron 5410', 'Dell', 'LAP-030', 7300, 10, 2); 
INSERT INTO ControlEmpresa.Producto (nombre, fabricante, codigo, precio, cantidad, id_tienda) VALUES ('Memoria Ram DDR4 4GB', 'Corsair', 'RAM-031', 160, 6, 2); 
INSERT INTO ControlEmpresa.Producto (nombre, fabricante, codigo, precio, cantidad, id_tienda) VALUES ('Memoria Ram Notebook Redlie', 'Mushkin', 'RAM-032', 200, 9, 2); 
INSERT INTO ControlEmpresa.Producto (nombre, fabricante, codigo, precio, cantidad, id_tienda) VALUES ('Memoria Ram Fury 8GB', 'Kingston', 'RAM-033', 250, 20, 2); 
INSERT INTO ControlEmpresa.Producto (nombre, fabricante, codigo, precio, cantidad, id_tienda) VALUES ('Memoria Ram Kinston Value 8GB', 'Hyperx', 'RAM-034', 240, 12, 2); 
INSERT INTO ControlEmpresa.Producto (nombre, fabricante, codigo, precio, cantidad, id_tienda) VALUES ('Memoria Ram Vengeance LPX 8GB', 'Corsair', 'RAM-035', 255, 13, 2); 
INSERT INTO ControlEmpresa.Producto (nombre, fabricante, codigo, precio, cantidad, id_tienda) VALUES ('Memoria Ram Vengeance LPX 16GB', 'Corsair', 'RAM-036', 350, 7, 2); 
INSERT INTO ControlEmpresa.Producto (nombre, fabricante, codigo, precio, cantidad, id_tienda) VALUES ('Celular Tecno Camon', 'Tecno', 'CEL-037', 1800, 4, 2); 
INSERT INTO ControlEmpresa.Producto (nombre, fabricante, codigo, precio, cantidad, id_tienda) VALUES ('Celular Realme 9I Octa', 'Realme', 'CEL-038', 2000, 3, 2); 
INSERT INTO ControlEmpresa.Producto (nombre, fabricante, codigo, precio, cantidad, id_tienda) VALUES ('Celular Realme XT', 'Realme', 'CEL-039', 2500, 2, 2); 
INSERT INTO ControlEmpresa.Producto (nombre, fabricante, codigo, precio, cantidad, id_tienda) VALUES ('Celular Oneplus Nord ', 'Oneplus', 'CEL-040', 3500, 8, 2); 

-- Sucursal Sur

INSERT INTO ControlEmpresa.Producto (nombre, fabricante, codigo, precio, cantidad, id_tienda) VALUES ('Disco Duro One Touch 1TB', 'Seagate', 'SSD-003', 552, 16, 3); 
INSERT INTO ControlEmpresa.Producto (nombre, fabricante, codigo, precio, cantidad, id_tienda) VALUES ('Celular Samsung A33', 'Samsung', 'CEL-016', 2800, 7, 3); 
INSERT INTO ControlEmpresa.Producto (nombre, fabricante, codigo, precio, cantidad, id_tienda) VALUES ('Celular Xiaomi MI11 Lite', 'Xiaomi', 'CEL-017', 2800, 21, 3); 
INSERT INTO ControlEmpresa.Producto (nombre, fabricante, codigo, precio, cantidad, id_tienda) VALUES ('Celular Samsung A53', 'Samsung', 'CEL-018', 3200, 11, 3); 
INSERT INTO ControlEmpresa.Producto (nombre, fabricante, codigo, precio, cantidad, id_tienda) VALUES ('Laptop Dell Latitude 3120', 'Dell', 'LAP-020', 2400, 9, 3); 
INSERT INTO ControlEmpresa.Producto (nombre, fabricante, codigo, precio, cantidad, id_tienda) VALUES ('Memoria Ram DDR4 4GB', 'Corsair', 'RAM-031', 160, 2, 3); 
INSERT INTO ControlEmpresa.Producto (nombre, fabricante, codigo, precio, cantidad, id_tienda) VALUES ('Memoria Ram Notebook Redlie', 'Mushkin', 'RAM-032', 200, 17, 3); 
INSERT INTO ControlEmpresa.Producto (nombre, fabricante, codigo, precio, cantidad, id_tienda) VALUES ('Memoria Ram Fury 8GB', 'Kingston', 'RAM-033', 250, 15, 3); 
INSERT INTO ControlEmpresa.Producto (nombre, fabricante, codigo, precio, cantidad, id_tienda) VALUES ('Memoria Ram Vengeance LPX 16GB', 'Corsair', 'RAM-036', 350, 5, 3); 
INSERT INTO ControlEmpresa.Producto (nombre, fabricante, codigo, precio, cantidad, id_tienda) VALUES ('Mouse Manhattan 179478', 'Manhattan', 'MOU-041', 130, 6, 3); 
INSERT INTO ControlEmpresa.Producto (nombre, fabricante, codigo, precio, cantidad, id_tienda) VALUES ('Mouse Microsoft Mobile', 'Microsoft', 'MOU-042', 200, 13, 3); 
INSERT INTO ControlEmpresa.Producto (nombre, fabricante, codigo, precio, cantidad, id_tienda) VALUES ('Mouse Microsoft Mobile Laser', 'Microsoft', 'MOU-043', 229, 16, 3); 
INSERT INTO ControlEmpresa.Producto (nombre, fabricante, codigo, precio, cantidad, id_tienda) VALUES ('Mouse Microsoft Sculp', 'Microsoft', 'MOU-044', 272, 4, 3); 
INSERT INTO ControlEmpresa.Producto (nombre, fabricante, codigo, precio, cantidad, id_tienda) VALUES ('Mouse Microsoft Arch Touch', 'Microsoft', 'MOU-045', 500, 2, 3); 
INSERT INTO ControlEmpresa.Producto (nombre, fabricante, codigo, precio, cantidad, id_tienda) VALUES ('Mouse Microsoft Arch Flexible', 'Microsoft', 'MOU-046', 500, 23, 3); 

-- Bodega

INSERT INTO ControlEmpresa.Producto (nombre, fabricante, codigo, precio, cantidad, id_tienda) VALUES ('Disco Duro 1TB', 'Seagate', 'SSD-001', 900, 10, 4); 
INSERT INTO ControlEmpresa.Producto (nombre, fabricante, codigo, precio, cantidad, id_tienda) VALUES ('Disco Duro', 'Kinston', 'SSD-002', 800, 6, 4); 
INSERT INTO ControlEmpresa.Producto (nombre, fabricante, codigo, precio, cantidad, id_tienda) VALUES ('Disco Duro 1TB', 'WD', 'SSD-006', 880, 20, 4); 
INSERT INTO ControlEmpresa.Producto (nombre, fabricante, codigo, precio, cantidad, id_tienda) VALUES ('Celular Xiaomi Redmi A1', 'Xiaomi', 'CEL-007', 750, 5, 4); 
INSERT INTO ControlEmpresa.Producto (nombre, fabricante, codigo, precio, cantidad, id_tienda) VALUES ('Celular Xiaomi Redmi 10', 'Xiaomi', 'CEL-008', 1600, 7, 4); 
INSERT INTO ControlEmpresa.Producto (nombre, fabricante, codigo, precio, cantidad, id_tienda) VALUES ('Celular Xiaomi Poco X5', 'Xiaomi', 'CEL-014', 2100, 6, 4); 
INSERT INTO ControlEmpresa.Producto (nombre, fabricante, codigo, precio, cantidad, id_tienda) VALUES ('Celular Xiaomi Redmi Note 11 Pro', 'Xiaomi', 'CEL-015', 2300, 10, 4); 
INSERT INTO ControlEmpresa.Producto (nombre, fabricante, codigo, precio, cantidad, id_tienda) VALUES ('Celular Samsung A33', 'Samsung', 'CEL-016', 2800, 5, 4); 
INSERT INTO ControlEmpresa.Producto (nombre, fabricante, codigo, precio, cantidad, id_tienda) VALUES ('Celular Xiaomi MI11 Lite', 'Xiaomi', 'CEL-017', 2800, 20, 4); 
INSERT INTO ControlEmpresa.Producto (nombre, fabricante, codigo, precio, cantidad, id_tienda) VALUES ('Celular Samsung A53', 'Samsung', 'CEL-018', 3200, 10, 4); 
INSERT INTO ControlEmpresa.Producto (nombre, fabricante, codigo, precio, cantidad, id_tienda) VALUES ('Laptop Dell Latitude 5420', 'Dell', 'LAP-021', 13000, 10, 4); 
INSERT INTO ControlEmpresa.Producto (nombre, fabricante, codigo, precio, cantidad, id_tienda) VALUES ('Laptop Dynabook Tecra A30-G', 'Dynabook', 'LAP-022', 2000, 7, 4); 
INSERT INTO ControlEmpresa.Producto (nombre, fabricante, codigo, precio, cantidad, id_tienda) VALUES ('Laptop HP Probook 430 G8', 'HP', 'LAP-023', 9400, 8, 4); 
INSERT INTO ControlEmpresa.Producto (nombre, fabricante, codigo, precio, cantidad, id_tienda) VALUES ('Laptop Dell Vostro 3400', 'Dell', 'LAP-025', 3400, 9, 4); 
INSERT INTO ControlEmpresa.Producto (nombre, fabricante, codigo, precio, cantidad, id_tienda) VALUES ('Laptop Dell Vostro 3405', 'Dell', 'LAP-026', 4000, 13, 4); 
INSERT INTO ControlEmpresa.Producto (nombre, fabricante, codigo, precio, cantidad, id_tienda) VALUES ('Laptop Dell Inspiron 5410', 'Dell', 'LAP-030', 7300, 5, 4); 
INSERT INTO ControlEmpresa.Producto (nombre, fabricante, codigo, precio, cantidad, id_tienda) VALUES ('Memoria Ram DDR4 4GB', 'Corsair', 'RAM-031', 160, 6, 4); 
INSERT INTO ControlEmpresa.Producto (nombre, fabricante, codigo, precio, cantidad, id_tienda) VALUES ('Memoria Ram Notebook Redlie', 'Mushkin', 'RAM-032', 200, 9, 4); 
INSERT INTO ControlEmpresa.Producto (nombre, fabricante, codigo, precio, cantidad, id_tienda) VALUES ('Memoria Ram Vengeance LPX 8GB', 'Corsair', 'RAM-035', 255, 13, 4); 
INSERT INTO ControlEmpresa.Producto (nombre, fabricante, codigo, precio, cantidad, id_tienda) VALUES ('Memoria Ram Vengeance LPX 16GB', 'Corsair', 'RAM-036', 350, 7, 4); 
INSERT INTO ControlEmpresa.Producto (nombre, fabricante, codigo, precio, cantidad, id_tienda) VALUES ('Celular Tecno Camon', 'Tecno', 'CEL-037', 1800, 4, 4); 
INSERT INTO ControlEmpresa.Producto (nombre, fabricante, codigo, precio, cantidad, id_tienda) VALUES ('Celular Realme 9I Octa', 'Realme', 'CEL-038', 2000, 3, 4); 
INSERT INTO ControlEmpresa.Producto (nombre, fabricante, codigo, precio, cantidad, id_tienda) VALUES ('Celular Realme XT', 'Realme', 'CEL-039', 2500, 4, 4); 
INSERT INTO ControlEmpresa.Producto (nombre, fabricante, codigo, precio, cantidad, id_tienda) VALUES ('Celular Oneplus Nord ', 'Oneplus', 'CEL-040', 3500, 8, 4); 
INSERT INTO ControlEmpresa.Producto (nombre, fabricante, codigo, precio, cantidad, id_tienda) VALUES ('Mouse Manhattan 179478', 'Manhattan', 'MOU-041', 130, 6, 4); 
INSERT INTO ControlEmpresa.Producto (nombre, fabricante, codigo, precio, cantidad, id_tienda) VALUES ('Mouse Microsoft Mobile', 'Microsoft', 'MOU-042', 200, 13, 4); 
INSERT INTO ControlEmpresa.Producto (nombre, fabricante, codigo, precio, cantidad, id_tienda) VALUES ('Mouse Microsoft Mobile Laser', 'Microsoft', 'MOU-043', 229, 16, 4); 
INSERT INTO ControlEmpresa.Producto (nombre, fabricante, codigo, precio, cantidad, id_tienda) VALUES ('Mouse Microsoft Sculp', 'Microsoft', 'MOU-044', 272, 4, 4); 
INSERT INTO ControlEmpresa.Producto (nombre, fabricante, codigo, precio, cantidad, id_tienda) VALUES ('Mouse Microsoft Arch Touch', 'Microsoft', 'MOU-045', 500, 4, 4); 
INSERT INTO ControlEmpresa.Producto (nombre, fabricante, codigo, precio, cantidad, id_tienda) VALUES ('Mouse Microsoft Arch Flexible', 'Microsoft', 'MOU-046', 500, 23, 4); 


-- Empleados

-- Vendedores
INSERT INTO ControlPersonal.Empleado (nombre, telefono, rol, dpi, id_tienda, username, password) VALUES ('Oscar de Leon', '77448899', 'Vendedor','7085431934976', 1, 'user1','12345');
INSERT INTO ControlPersonal.Empleado (nombre, telefono, rol, dpi, id_tienda, username, password) VALUES ('Feliciana del Ruano', '29208631', 'Vendedor','7344725549678', 1,'user2', '12345');
INSERT INTO ControlPersonal.Empleado (nombre, telefono, rol, dpi, id_tienda, username, password) VALUES ('Maricruz Castañeda Garzon', '68880324', 'Vendedor','5513083557422', 1,'user3', '12345');
INSERT INTO ControlPersonal.Empleado (nombre, telefono, rol, dpi, id_tienda, username, password) VALUES ('Lalo del Sedano', '62258180', 'Vendedor','2755568213119', 2,'user4', '12345');
INSERT INTO ControlPersonal.Empleado (nombre, telefono, rol, dpi, id_tienda, username, password) VALUES ('Samanta Alberdi Castilla', '78257787', 'Vendedor','1122477000992', 2,'user5', '12345');
INSERT INTO ControlPersonal.Empleado (nombre, telefono, rol, dpi, id_tienda, username, password) VALUES ('Sergio Miranda Carlos', '29097171', 'Vendedor','2389556692679', 2,'user6', '12345');
INSERT INTO ControlPersonal.Empleado (nombre, telefono, rol, dpi, id_tienda, username, password) VALUES ('Wilfredo Diaz Andres', '46957756', 'Vendedor','4546403849286', 3,'user7', '12345');
INSERT INTO ControlPersonal.Empleado (nombre, telefono, rol, dpi, id_tienda, username, password) VALUES ('Primitivo Manzano Moran', '84709483', 'Vendedor','5232071593234', 3,'user8', '12345');
INSERT INTO ControlPersonal.Empleado (nombre, telefono, rol, dpi, id_tienda, username, password) VALUES ('Claudio Aramburu Aller', '16864885', 'Vendedor','9583099722023', 3,'user9', '12345');

-- Inventario
INSERT INTO ControlPersonal.Empleado (nombre, telefono, rol, dpi, id_tienda, username, password) VALUES ('Ezequiel Gelabert Cañas', '46267678', 'Inventario','7976855528534', 1,'user10', '12345');
INSERT INTO ControlPersonal.Empleado (nombre, telefono, rol, dpi, id_tienda, username, password) VALUES ('Cristina Canals Girona', '56972667', 'Inventario','2368645172735', 2,'user11', '12345');
INSERT INTO ControlPersonal.Empleado (nombre, telefono, rol, dpi, id_tienda, username, password) VALUES ('Flor Uría-Guardiola', '60829668', 'Inventario','8091923889805', 3,'user12', '12345');

-- Bodega
INSERT INTO ControlPersonal.Empleado (nombre, telefono, rol, dpi, id_tienda, username, password) VALUES ('Alberto Inigo Peralta Cabrera', '86490429', 'Bodega','1087708662778', 4,'user13', '12345');
INSERT INTO ControlPersonal.Empleado (nombre, telefono, rol, dpi, id_tienda, username, password) VALUES ('Nerea Verdugo', '26624207', 'Bodega','1947826334884', 4,'user14', '12345');
INSERT INTO ControlPersonal.Empleado (nombre, telefono, rol, dpi, id_tienda, username, password) VALUES ('Anita Mata García', '13698830', 'Bodega','3876223571894', 4,'user15', '12345');
INSERT INTO ControlPersonal.Empleado (nombre, telefono, rol, dpi, id_tienda, username, password) VALUES ('Perlita Castell Barral', '79192225', 'Bodega','2636545505878', 4,'user16', '12345');

-- Administrador
INSERT INTO ControlPersonal.Empleado (nombre, telefono, rol, dpi, id_tienda, username, password) VALUES ('Juan José Peiro Bolanos', '36666602', 'Administrador','5545346035273', 1,'user17', '12345');

-- Clientes
INSERT INTO ControlPersonal.Cliente VALUES ('000000000', 'Consumidor Final', '------', '------', '-----', 0);
INSERT INTO ControlPersonal.Cliente VALUES ('78944939', 'Antonio Urizar', 'antonio@gmail.com', '20255928', '5344887421381', 10);
INSERT INTO ControlPersonal.Cliente VALUES ('32862753', 'Maria Teresa Gargallo Salinas', 'maria@gmail.com', '61509106', '1318088431761', 0);
INSERT INTO ControlPersonal.Cliente VALUES ('27853863', 'Raimundo Izquierdo', 'raimundo@gmail.com', '18709922', '2079387108180', 0);
INSERT INTO ControlPersonal.Cliente VALUES ('44799516', 'Alma Leal Briones', 'alma@gmail.com', '54620134', '3335520225277', 0);
INSERT INTO ControlPersonal.Cliente VALUES ('44933274', 'Jose Sales Mas', 'jose_sales@gmail.com', '74540953', '7569907680899', 2);
INSERT INTO ControlPersonal.Cliente VALUES ('23974761', 'Albina Hierro Barba', 'albina@gmail.com', '91428831', '5449776963644', 0);
INSERT INTO ControlPersonal.Cliente VALUES ('91528131', 'Cruz Clementina Bernal Laguna', 'clementina@gmail.com', '52345526', '9286339797633', 0);
INSERT INTO ControlPersonal.Cliente VALUES ('21258528', 'Perlita Castell Barral', 'perlita@gmail.com', '53269062', '2295916798631', 0);

-- Ventas

INSERT INTO ControlVentas.Venta (fecha, id_empleado, id_producto, cantidad, total, nit_cliente, id_tienda) VALUES ('2023-07-03', 1, 7, 1, '750', '44933274', 1);
INSERT INTO ControlVentas.Venta (fecha, id_empleado, id_producto, cantidad, total, nit_cliente, id_tienda) VALUES ('2023-07-03', 2, 14, 2, '4200', '44933274', 1);
INSERT INTO ControlVentas.Venta (fecha, id_empleado, id_producto, cantidad, total, nit_cliente, id_tienda) VALUES ('2023-07-03', 2, 1, 3, '2700', '32862753', 1);
INSERT INTO ControlVentas.Venta (fecha, id_empleado, id_producto, cantidad, total, nit_cliente, id_tienda) VALUES ('2023-07-03', 1, 7, 1, '750', '21258528', 1);
INSERT INTO ControlVentas.Venta (fecha, id_empleado, id_producto, cantidad, total, nit_cliente, id_tienda) VALUES ('2023-07-03', 1, 25, 1, '3400', '91528131', 1);
INSERT INTO ControlVentas.Venta (fecha, id_empleado, id_producto, cantidad, total, nit_cliente, id_tienda) VALUES ('2023-07-03', 1, 29, 1, '6270', '27853863', 1);
INSERT INTO ControlVentas.Venta (fecha, id_empleado, id_producto, cantidad, total, nit_cliente, id_tienda) VALUES ('2023-07-03', 3, 2, 1, '800', '21258528', 1);

INSERT INTO ControlVentas.Venta (fecha, id_empleado, id_producto, cantidad, total, nit_cliente, id_tienda) VALUES ('2023-07-03', 4, 32, 4, '2208', '78944939', 2);
INSERT INTO ControlVentas.Venta (fecha, id_empleado, id_producto, cantidad, total, nit_cliente, id_tienda) VALUES ('2023-07-03', 5, 41, 1, '2000', '91528131', 2);
INSERT INTO ControlVentas.Venta (fecha, id_empleado, id_producto, cantidad, total, nit_cliente, id_tienda) VALUES ('2023-07-03', 5, 54, 1, '2500', '21258528', 2);
INSERT INTO ControlVentas.Venta (fecha, id_empleado, id_producto, cantidad, total, nit_cliente, id_tienda) VALUES ('2023-07-03', 4, 55, 1, '3500', '44799516', 2);
INSERT INTO ControlVentas.Venta (fecha, id_empleado, id_producto, cantidad, total, nit_cliente, id_tienda) VALUES ('2023-07-03', 6, 36, 2, '2400', '32862753', 2);
INSERT INTO ControlVentas.Venta (fecha, id_empleado, id_producto, cantidad, total, nit_cliente, id_tienda) VALUES ('2023-07-03', 6, 40, 1, '13000', '21258528', 2);
INSERT INTO ControlVentas.Venta (fecha, id_empleado, id_producto, cantidad, total, nit_cliente, id_tienda) VALUES ('2023-07-03', 6, 50, 3, '765', '78944939', 2);
INSERT INTO ControlVentas.Venta (fecha, id_empleado, id_producto, cantidad, total, nit_cliente, id_tienda) VALUES ('2023-07-03', 6, 50, 1, '255', '32862753', 2);

INSERT INTO ControlVentas.Venta (fecha, id_empleado, id_producto, cantidad, total, nit_cliente, id_tienda) VALUES ('2023-07-03', 7, 56, 1, '552', '32862753', 3);
INSERT INTO ControlVentas.Venta (fecha, id_empleado, id_producto, cantidad, total, nit_cliente, id_tienda) VALUES ('2023-07-03', 7, 70, 4, '3500', '44799516', 3);
INSERT INTO ControlVentas.Venta (fecha, id_empleado, id_producto, cantidad, total, nit_cliente, id_tienda) VALUES ('2023-07-03', 7, 70, 2, '1000', '32862753', 3);
INSERT INTO ControlVentas.Venta (fecha, id_empleado, id_producto, cantidad, total, nit_cliente, id_tienda) VALUES ('2023-07-03', 7, 60, 2, '4800', '44799516', 3);
INSERT INTO ControlVentas.Venta (fecha, id_empleado, id_producto, cantidad, total, nit_cliente, id_tienda) VALUES ('2023-07-03', 8, 62, 1, '200', '44933274', 3);
INSERT INTO ControlVentas.Venta (fecha, id_empleado, id_producto, cantidad, total, nit_cliente, id_tienda) VALUES ('2023-07-03', 8, 62, 1, '200', '44933274', 3);
INSERT INTO ControlVentas.Venta (fecha, id_empleado, id_producto, cantidad, total, nit_cliente, id_tienda) VALUES ('2023-07-03', 8, 62, 1, '200', '91528131', 3);
INSERT INTO ControlVentas.Venta (fecha, id_empleado, id_producto, cantidad, total, nit_cliente, id_tienda) VALUES ('2023-07-03', 8, 69, 3, '1500', '21258528', 3);
INSERT INTO ControlVentas.Venta (fecha, id_empleado, id_producto, cantidad, total, nit_cliente, id_tienda) VALUES ('2023-07-03', 9, 59, 1, '3200', '23974761', 3);
INSERT INTO ControlVentas.Venta (fecha, id_empleado, id_producto, cantidad, total, nit_cliente, id_tienda) VALUES ('2023-07-03', 9, 67, 1, '229', '23974761', 3);
